k,A,phi,rms,phase_lock_mean,phase_lock_std,n_points
0.7376279185502136,0.19541553225255623,-0.12900866259514188,0.08672101882830613,-2.165806049966691,1.7168625461536078,590
