{
  "n_points": 503,
  "fitted": {
    "k": 0.6146271740751764,
    "A": 0.19116988036363314,
    "phase": 0.30528109208407234,
    "rms_H1": 0.08864096296226152
  },
  "null_vertical": {
    "rms_H0": 0.16083209383442632
  },
  "bootstrap_CI": {
    "k_CI": [
      0.5612580379618047,
      0.6828939190460259
    ],
    "A_CI": [
      0.18328351136355892,
      0.20210311755091145
    ],
    "phase_CI": [
      -0.3638862426883659,
      0.748873907575081
    ]
  },
  "permutation": {
    "n_perm": 500,
    "p_rms_leq_obs": 0.704
  }
}