{
  "n_points": 503,
  "fitted": {
    "k": 0.6146271771209044,
    "A": 0.1911698810963786,
    "phase": 0.30528106105225167,
    "rms_H1": 0.08864096296152199
  },
  "null_vertical": {
    "rms_H0": 0.16083209383442632
  },
  "bootstrap_CI": {
    "k_CI": [
      0.561257969992383,
      0.6830645341319351
    ],
    "A_CI": [
      0.18328351153928435,
      0.20210313935201635
    ],
    "phase_CI": [
      -0.4839881966921088,
      0.7191404991809044
    ]
  },
  "permutation": {
    "n_perm": 500,
    "p_rms_leq_obs": 0.708
  }
}