{
  "high_res_dft": {
    "k_fitted": 1.607408384253378,
    "A": 0.1571702189521218,
    "phase": -0.31563651222714467,
    "rms": 0.056370364596508044,
    "residual_std": 0.05637036315654614,
    "top_peaks": [
      [
        0.3172607421875,
        2.5194616209213896
      ],
      [
        0.32666015625,
        2.3478109243613385
      ],
      [
        0.046142578125,
        1.6993035050351983
      ],
      [
        0.3070068359375,
        1.6642348562562863
      ],
      [
        0.345458984375,
        1.6123201846799604
      ],
      [
        0.0687255859375,
        1.6122044966291211
      ],
      [
        0.464111328125,
        1.5013541229420932
      ],
      [
        0.45556640625,
        1.4930993788775988
      ],
      [
        0.1162109375,
        1.3796702074866067
      ],
      [
        0.059326171875,
        1.3778014766904043
      ],
      [
        0.2943115234375,
        1.3742744692330144
      ],
      [
        0.3372802734375,
        1.354873652768668
      ],
      [
        0.218505859375,
        1.3465691900100274
      ],
      [
        0.2542724609375,
        1.2627201031668684
      ],
      [
        0.4136962890625,
        1.2625577085611683
      ]
    ],
    "peaks_005_020": [
      [
        0.0687255859375,
        1.6122044966291211
      ],
      [
        0.1162109375,
        1.3796702074866067
      ],
      [
        0.059326171875,
        1.3778014766904043
      ],
      [
        0.052734375,
        1.2151517073986415
      ],
      [
        0.0921630859375,
        0.9652181203642708
      ],
      [
        0.1788330078125,
        0.9508656541463917
      ],
      [
        0.162841796875,
        0.9169283336253679
      ],
      [
        0.1529541015625,
        0.9115337519045956
      ],
      [
        0.1702880859375,
        0.6297041377242805
      ],
      [
        0.1348876953125,
        0.5619791393054722
      ],
      [
        0.1005859375,
        0.4954814774797153
      ],
      [
        0.1915283203125,
        0.16729778678524157
      ],
      [
        0.125,
        0.16593737192982982
      ],
      [
        0.082763671875,
        0.1062537532550521
      ]
    ],
    "peaks_near_0107": [
      [
        0.1162109375,
        1.3796702074866067
      ],
      [
        0.1005859375,
        0.4954814774797153
      ]
    ]
  },
  "blind_prediction": {
    "k_train": 0.9901734592186926,
    "A_train": 0.15514919497275953,
    "phase_train": -0.19427680997617383,
    "test_crossings": [],
    "mapping_error": Infinity,
    "mean_zero_spacing": 3.0063146896551727,
    "verdict": "NO predictive power (correlation only)"
  }
}