{
  "k_fitted": 1.5149954756073256,
  "A": 0.15820625749746897,
  "phase": -0.22929106517060782,
  "RMS": 0.058639298937876116,
  "T_max": 6.254905189097244e+25,
  "mean_zero_spacing": 0.10578110398911578,
  "peaks_residual": [
    [
      0.10735586481113318,
      4.679950784238696
    ],
    [
      0.07753479125248508,
      4.347193266272949
    ],
    [
      0.11133200795228627,
      4.320750910873488
    ],
    [
      0.0636182902584493,
      3.9525100107980187
    ],
    [
      0.10536779324055665,
      3.632021828560813
    ],
    [
      0.17296222664015903,
      3.608065939946327
    ],
    [
      0.03379721669980119,
      3.23119167340182
    ],
    [
      0.07157057654075547,
      3.230405365194203
    ],
    [
      0.11332007952286281,
      3.125351171223036
    ],
    [
      0.09940357852882703,
      3.085526557762699
    ],
    [
      0.15109343936381708,
      2.8413577579939067
    ],
    [
      0.08151093439363816,
      2.535934876023477
    ],
    [
      0.08946322067594432,
      2.4735274922934805
    ],
    [
      0.10139165009940357,
      2.425700718266002
    ],
    [
      0.1709741550695825,
      2.410473286426064
    ]
  ],
  "peaks_manifold": [
    [
      0.0,
      74.58361204013377
    ],
    [
      0.10735586481113318,
      4.9442375092536315
    ],
    [
      0.11133200795228627,
      4.870325790216283
    ],
    [
      0.0636182902584493,
      4.735069120480511
    ],
    [
      0.03379721669980119,
      4.250049586904193
    ],
    [
      0.07753479125248508,
      3.9796138788327897
    ],
    [
      0.07157057654075547,
      3.656819689570469
    ],
    [
      0.10536779324055665,
      3.5232989198912605
    ],
    [
      0.17296222664015903,
      3.5230589955469256
    ],
    [
      0.08946322067594432,
      3.122683369002671
    ],
    [
      0.017892644135188866,
      3.0198169063498304
    ],
    [
      0.09940357852882703,
      3.008604248811824
    ],
    [
      0.049701789264413515,
      2.814407079441326
    ],
    [
      0.15109343936381708,
      2.76457418487095
    ],
    [
      0.11332007952286281,
      2.686809453946357
    ]
  ],
  "zeta_gammas": [
    14.134725,
    21.02204,
    25.010858,
    30.424876,
    32.935062,
    37.586178,
    40.918719,
    43.327073,
    48.005151,
    49.773832,
    52.970321,
    56.446248,
    59.347044,
    60.831779,
    65.112544,
    67.079811,
    69.546402,
    72.067158,
    75.704691,
    77.14484,
    79.337375,
    82.910381,
    84.735493,
    87.425275,
    88.809111,
    92.491899,
    94.651344,
    95.870634,
    98.831194,
    101.317851
  ]
}